annualRevenue,operatingExpenses,yearsInBusiness,creditScore,loanAmount,loan_default
72989.34,4453.477424307537,10,699,68288.11,0
136492.79,8816.938916706285,10,637,17582.77,0
54469.3,3765.240720381751,20,591,52089.78,0
71901.32,4966.9934829709355,15,710,45689.46,0
122473.33,8526.930943163701,4,647,41485.85,0
375727.09,26113.0955430805,19,620,475848.17,0
19477.79,1302.5555037516426,17,611,10447.8,0
10000.0,536.6705671031028,21,769,11181.81,0
10000.0,519.4139878253253,24,724,12823.47,0
17076.37,1244.2730443219489,23,814,5076.7,0
249429.82,15088.314857844933,2,708,236545.26,0
60479.31,5759.414099382015,6,709,37445.5,1
590367.28,40217.07448961725,11,771,792330.65,0
199280.25,17576.668309809906,13,642,91369.13,1
26729.35,2630.9309147782146,18,634,26488.11,1
32231.41,2005.5170738826098,4,451,13547.42,0
64701.3,3621.759310376105,21,628,63025.26,0
726539.5,40101.66374996176,11,618,396112.87,0
75865.61,4483.601539714142,24,624,99006.35,0
1550589.37,134171.54195325606,8,626,685012.75,0
54760.55,3551.1697575236335,23,601,33353.63,0
55555.49,4597.018886548304,16,482,54893.93,1
1446996.15,127186.9627017827,5,683,1506308.18,1
613745.13,41933.22426550961,5,727,521735.26,0
28165.8,1984.4313770374308,2,550,29534.38,1
38615.42,2045.6069560981425,18,613,25354.92,0
99105.36,8220.460824763888,10,774,25654.7,0
810531.57,71251.711147418,15,526,186700.98,1
392935.62,25533.785092889724,2,505,505050.21,1
21589.51,1984.4767630383596,0,756,29318.03,1
37936.1,3488.5884840310314,17,679,32937.16,1
11399.91,931.1054418973005,8,782,13016.86,0
549634.13,52389.07052409273,15,554,337916.23,1
73568.95,4023.858179563654,5,568,52098.01,0
13566.28,1022.5463530349512,14,780,5064.84,0
64727.1,5567.953490024352,2,747,86533.12,1
10000.0,509.83420814197706,2,710,2054.85,0
14927.05,1077.1349857610542,0,590,21056.35,1
1811877.3,162260.97590038096,23,713,1883629.31,1
148485.8,9673.73300428624,9,574,160881.06,1
30797.84,2433.3668174052304,22,512,14126.65,0
672258.86,45378.68544271103,6,669,727890.72,0
163768.44,16150.706217620376,22,673,149096.57,1
3663178.37,313835.2511545476,18,582,3396376.51,1
367966.6,27188.256161235888,4,602,433461.33,0
38279.1,3040.5971366472445,3,522,41315.29,1
54859.35,4281.850659575613,18,639,11511.63,0
11729.99,1117.9423623039675,20,736,4176.02,0
185203.4,12435.37738916261,6,668,131483.68,0
238844.73,18221.776990928585,21,672,56598.52,0
12879.84,988.7377818573938,0,325,13004.56,1
94781.25,5419.166111993466,9,702,96882.65,1
127921.78,9111.393941104046,19,629,82309.72,0
222189.95,13104.465030190207,18,850,224873.71,1
25238.57,2396.6823678887863,11,583,3167.71,1
19044.1,1255.3740563357644,16,587,10986.05,1
10000.0,825.8316977734013,20,647,14113.07,0
10000.0,715.7398581250209,24,599,9062.94,1
191374.18,11708.148314831407,16,588,110446.82,1
51439.96,3769.7068067343375,24,606,40904.32,0
32136.61,2588.2798719587454,18,495,3701.26,0
2056067.7,159505.05235253682,19,636,1049612.45,0
11438.86,602.7166545606175,3,770,13655.88,1
189098.9,13064.672213338234,14,690,45680.95,0
40584.8,3253.578703250354,9,674,54734.92,0
422808.68,22255.621968222636,5,532,625926.6,1
875036.55,53502.05719218578,18,583,771577.43,1
10000.0,797.3989566092914,6,634,9000.62,0
265396.82,16664.11164201589,8,735,279583.66,0
117466.22,9183.885960531066,16,508,143655.66,1
182480.32,10117.227972328978,14,654,153061.13,0
54577.08,4654.077015191435,17,655,81547.1,1
1240074.83,121189.63738119758,22,560,611789.01,1
161812.1,13039.883871149621,7,569,68147.59,0
10000.0,506.8946277601985,3,570,10774.26,1
12039.73,1123.797352614493,19,686,2488.38,1
190167.67,13184.18007231487,4,637,130367.59,0
158553.05,12835.73464820194,14,603,231151.35,0
95499.35,9374.11177874884,1,677,27445.84,1
72416.33,4457.270678822057,4,841,103024.69,0
251462.76,22568.212788432127,13,604,113666.05,0
293804.61,24118.968115591066,0,582,76089.7,1
2647001.84,154668.09080405088,21,674,1405261.87,0
331042.24,21450.216821487622,22,850,131804.41,0
10000.0,781.2625389881355,14,755,13658.22,0
86734.35,6402.71984656587,23,432,93386.75,1
906454.51,68341.39933467854,16,630,418366.96,0
21398.26,1519.6509996595387,20,646,12372.23,0
2208512.07,204077.26039562933,15,432,650093.29,1
574434.11,42644.952769208285,23,698,840026.3,0
255073.62,23352.818095862734,20,513,124992.83,1
107687.23,7051.387664928948,13,546,16695.5,0
620065.79,46143.528484288836,14,701,198277.67,0
67376.44,4654.853724063765,14,653,41536.17,0
67997.16,6297.42406646988,13,814,19471.92,1
20890.76,1621.736781182962,10,697,17666.57,0
18499.68,1681.3583289517944,4,568,16456.41,1
1203465.76,72859.5477779639,12,670,960147.94,0
17272.38,1245.5611820221493,1,657,15910.45,0
582986.59,41660.85412575449,4,756,348938.12,0
72478.72,7220.5679502013545,0,652,30112.44,1
116589.51,6311.015749710413,10,422,12524.05,0
147304.97,9805.773527416413,5,649,206392.88,1
59615.17,3076.1604583179383,18,811,65298.49,0
27339.25,2576.9473669624363,11,714,26105.38,1
66737.39,4692.028605193523,10,483,41171.81,0
10000.0,505.01988380502735,9,850,5512.95,0
2589923.68,156134.91523788418,4,726,645872.45,0
290945.0,27286.31721564991,17,695,326793.63,1
272587.55,16361.561617430998,21,634,342148.01,0
35584.27,2627.781934867548,13,592,21434.64,0
1153915.58,63484.543902928184,7,744,1123616.25,0
577350.51,51031.64510142553,0,417,784852.83,1
116206.88,9113.36104269603,7,428,65766.37,0
599213.8,36131.83745208134,19,741,580099.99,0
295043.66,27392.91576476762,3,658,113993.79,1
1373644.74,113869.5342613196,9,644,1716726.56,0
42573.73,2719.9237080713533,7,552,47173.87,1
312595.83,20065.853385261038,3,788,293415.3,0
335536.44,30980.894806471275,22,581,308935.7,1
123557.27,7870.007581353985,14,850,114926.56,1
914609.23,48731.888204235634,8,717,1276607.83,0
99157.7,9095.13834445767,20,551,35780.98,1
5530984.83,442754.58788826637,21,745,977138.59,0
49958.42,3487.793307739119,20,757,12987.9,0
10809.73,682.3635316635304,5,625,7924.67,0
11933.91,1045.2753986257999,18,624,10844.16,1
19529.41,1014.4841865654422,10,580,6017.55,0
63152.08,4729.475026598027,7,570,58954.93,1
108358.65,9802.731800865398,23,647,16380.53,1
21047.33,1795.2902300846035,17,850,23145.39,1
698656.48,64442.6678111857,16,844,247813.02,0
30762.46,2266.303549126607,13,509,37562.49,1
45786.85,3040.492386637828,24,752,5842.16,0
54165.12,3013.04182346991,2,659,47633.36,0
373961.37,21872.629102265666,23,712,245339.95,0
316741.34,17478.803587581187,22,541,37439.68,0
88404.86,7355.877295994441,1,826,110961.38,1
100971.17,6946.064726012537,19,617,67971.4,0
54486.4,3907.2834386927,11,819,80613.4,0
92319.96,9128.277717732955,17,516,43957.99,1
196506.14,15507.243379906098,6,717,56040.94,0
182868.26,18118.672448977097,4,679,252361.55,1
59880.06,4498.594615029525,5,552,66364.09,1
20653.78,1806.451204875304,7,560,20371.59,1
10000.0,740.5411473585813,16,628,1657.52,0
38301.26,3657.1250292653644,18,701,45171.75,1
175232.17,14047.930481547452,6,637,251584.63,0
12849.88,938.1422536081591,3,645,4199.59,0
168027.22,12818.483169939755,12,673,97814.9,0
10000.0,700.8569708659226,10,545,7435.54,0
14894.76,1085.9017722513363,16,590,19692.72,1
318039.31,20289.26483946341,22,731,315534.5,1
159675.6,14525.886171079297,8,752,142929.35,1
508563.35,47924.92445398549,15,541,351146.58,1
58084.5,3401.092957084749,19,729,8817.85,0
203120.29,19530.491168432327,12,509,218314.56,1
686282.32,50153.46080450076,11,560,704343.38,1
1252139.96,86656.65060919682,12,664,533591.01,0
63506.29,4506.542218911562,2,654,30505.99,0
57594.16,4254.713303696531,6,569,64803.83,1
28461.11,2513.674205025795,23,636,4523.34,0
21044.07,1973.4733666807972,23,456,30282.04,1
260525.93,13167.177071445425,5,730,297180.35,0
45648.21,3177.716158132145,21,635,37329.46,0
192824.83,15906.840821123466,8,596,34897.39,0
19050.15,1437.156326425077,17,612,28477.5,0
129882.85,9137.648569197265,12,744,118468.83,0
46860.01,4582.026455153295,8,588,60593.32,1
36776.81,2926.6006894504694,24,631,22866.49,0
26613.13,2553.468326002085,17,738,10864.98,0
420428.13,30032.88528075874,16,672,431761.53,0
73046.32,4095.5976427552746,0,760,88853.28,1
358734.94,23363.124852317862,15,692,377459.86,0
205958.32,11516.806864250086,6,788,297783.07,1
49815.35,3129.628799247193,9,640,16193.17,0
169206.13,16866.586568005907,11,691,84916.67,1
70482.74,7016.30160308436,16,654,87832.15,1
28473.15,2076.7367757684156,6,610,41234.5,1
36778.59,3124.408218316274,4,505,40141.66,1
20948.43,2034.1758643208125,0,663,4285.47,1
10000.0,967.1869277129936,2,841,12501.18,1
45252.54,2979.2114319149528,10,763,32774.78,0
545988.87,46453.431079344045,6,430,696641.41,1
268923.81,23218.08134404218,10,577,384886.17,1
10000.0,839.6286297809362,20,535,11141.92,1
281551.71,18981.27554825741,16,571,173418.08,0
43119.23,4115.3758685171315,7,761,13587.79,0
10000.0,686.8898391842922,6,812,2837.43,0
15510.45,1117.983408126597,24,699,6448.57,0
26906.26,2328.7456760992054,20,694,32733.69,1
1535456.89,123178.5677825437,7,461,2248799.13,1
891332.99,50800.52559736893,24,740,1062282.98,0
79255.61,6014.088537136794,23,592,31265.5,0
41114.85,3440.3646140372252,17,768,33911.38,1
29535.19,2477.8625885979254,0,581,43371.04,1
23446.54,2110.012464615215,14,713,7842.3,1
90324.33,6247.713213417094,2,570,86541.71,1
62455.34,4015.6068932056146,7,687,76346.61,1
206793.95,14501.67531683429,6,596,247607.96,1
83734.49,6537.121420846445,9,592,93343.62,1
81465.62,4171.588594911792,24,757,46570.16,0
53177.32,5201.641502818259,22,702,17353.97,1
50610.19,4502.886978053374,2,450,34706.43,1
57407.89,3248.504375974564,16,698,64184.13,0
255361.76,19090.27212164034,3,807,219769.62,0
222231.47,17828.351119857685,20,850,210823.04,1
207077.54,11261.256140176292,6,693,81780.53,0
806746.91,71163.46383979889,14,797,957124.77,1
141105.59,10637.401131098237,9,495,62950.52,0
633534.73,44999.4999093219,23,634,651064.5,0
18890.89,1158.5092132349125,24,578,5350.34,1
183693.95,10252.78900634106,10,645,132045.48,0
62904.9,5508.22267771512,11,454,60640.51,1
254950.84,20659.194441903124,19,566,241630.53,1
191126.32,13518.800721845488,16,434,251441.92,1
82508.85,4180.3398443829,17,624,22455.54,0
54031.9,4032.846977021483,4,712,8547.95,0
259694.1,18436.82383051211,24,663,118398.28,0
394517.1,35469.978072173275,5,679,411404.56,1
1268529.09,65751.23494039784,4,587,580262.16,0
469598.77,33561.995241419696,17,647,66937.49,0
117458.77,8218.534094112822,0,669,166465.56,1
131982.61,6602.999400148157,8,749,22106.67,0
171572.19,10702.435047562305,15,643,38891.02,0
10000.0,666.2033072182077,1,617,12309.84,1
295064.51,16687.364134308897,18,722,184693.02,0
23126.5,1854.545612374928,20,516,24829.86,1
10000.0,727.1565557522632,16,550,7221.87,0
414406.18,31836.878192792603,7,626,261780.42,0
405274.17,22001.594740703807,5,655,502245.26,0
549174.31,32593.88689503745,3,667,607042.07,0
200836.11,13509.310414070738,24,725,126949.37,0
108155.37,9426.94876554292,18,509,53950.28,1
26085.64,1850.8647797062915,2,747,5881.71,0
21944.52,1995.6902238074608,12,805,23119.98,1
10523.08,896.9461470135769,6,660,12741.03,1
51502.98,3519.838868290429,21,634,73750.45,0
218337.46,15354.16082028088,21,770,264459.37,0
20387.2,1243.083510781017,24,697,9882.26,0
564207.1,33583.582000430855,9,620,661994.68,0
157765.6,8970.5750691573,4,537,63648.28,0
1025365.77,90645.04635958893,10,772,663686.86,0
170972.97,11319.76775394567,1,850,123066.99,0
48372.08,2439.7522886079123,10,820,13532.19,0
111887.55,9706.829870126381,9,596,112268.61,1
641414.67,56872.429928109465,0,486,382921.24,1
28779.52,1956.7652899486409,1,573,13802.84,1
342531.62,28698.43370623552,11,818,193942.32,1
10000.0,709.7624966416626,1,844,2242.74,0
179435.38,16140.807361033025,14,661,152548.56,1
101680.16,8223.249331029221,15,559,27225.94,0
188366.37,10906.099245958605,0,736,156219.99,1
121715.62,9087.054301557111,6,672,39317.26,0
14396.46,1376.5587350962135,8,581,20324.07,1
156033.4,8789.855566328908,19,700,50940.21,0
588557.42,47348.18601324048,4,686,471795.98,0
380262.98,21521.806810540216,12,420,467075.33,1
371214.66,31135.11031816277,8,583,49019.4,1
106572.31,6274.548320169207,13,595,30430.08,0
78247.28,4580.077754091827,21,850,42609.09,0
130368.73,6741.222572229967,20,685,91974.75,0
10000.0,861.1236881253694,17,656,12920.28,1
15444.51,1380.9281184546755,18,775,12022.66,1
799780.44,40641.68581670499,14,714,347786.24,0
427411.67,29209.535225945492,15,619,179706.28,0
40754.5,2739.2654793292986,19,576,52460.1,1
11386.01,667.4832622848306,2,717,12832.72,0
10000.0,604.831132069926,21,592,9150.08,1
16174.03,1174.2673393277412,4,707,11906.16,0
109940.72,9655.664842471582,19,530,111303.43,1
157162.75,14670.00324973044,5,770,38192.02,0
80722.24,6306.008779762545,1,696,36852.84,0
10000.0,774.9377837901202,10,742,4177.51,0
414250.51,38314.671741267506,12,637,469100.29,1
493662.08,46765.410201219354,12,663,73950.19,1
130538.9,6581.846992666207,13,406,190462.77,1
425439.4,36905.880328063366,4,472,55019.08,1
42330.57,2167.344551084942,24,749,43782.11,0
54908.33,2831.9279299275477,24,638,66889.32,0
1557391.95,92527.00833876069,15,795,1587091.49,0
23307.92,1892.611390033955,7,566,20280.89,1
67128.25,5904.960973346482,19,538,18131.47,1
394253.33,34330.95665613276,23,633,339697.82,1
200468.87,12547.427703262205,7,525,176600.75,1
114336.34,7283.339708937593,24,570,142337.25,1
13733.09,1138.209735591203,23,653,9321.79,0
153825.58,10084.148942933478,2,735,203457.72,0
279400.15,25692.964803448984,14,778,246223.97,1
454650.33,40826.78956921059,2,726,398782.41,1
550480.09,45266.40253226314,1,721,659094.49,1
424357.43,28041.988308338336,21,651,491732.88,0
711300.0,35695.36928228694,18,639,437900.0,0
64748.28,4328.286532042043,23,610,6645.23,0
51650.98,4924.94511611541,12,610,47698.81,1
92582.68,6004.248617288613,23,620,16102.49,0
68429.85,5919.795429736717,18,850,85884.2,1
608796.14,30988.66136287309,21,649,239731.01,0
679994.39,62986.09445242008,12,658,380436.36,0
372308.94,31656.619200944337,19,636,127654.35,1
3069195.93,288759.7452223119,14,643,2068229.38,0
143017.54,13119.75614362793,8,758,154509.39,1
921770.15,68299.53789661161,5,818,477675.86,0
10000.0,531.3233528920676,4,630,10884.27,0
96289.74,7238.76823598039,6,601,68518.91,0
61166.77,4896.90141516994,21,727,85124.1,0
125240.67,12166.788424817687,23,618,62001.88,0
28011.02,1737.5260041722584,13,567,20437.84,0
114324.94,7890.138934058411,19,597,101382.21,1
62075.76,3934.2104155057186,6,540,53859.96,1
73137.5,6362.385478175649,23,765,82144.34,1
19166.76,1009.0954255824475,23,706,27874.19,0
1517299.04,87197.95760145284,24,589,1343889.82,1
286900.85,17333.11501838716,1,656,249137.27,0
143792.86,10894.492732109466,1,516,47751.36,1
1212984.65,103674.5525236967,15,850,1457714.24,1
19396.82,1889.2923808681908,2,619,23291.5,1
1254202.23,78130.046284367,19,570,156930.74,0
33251.35,1877.7396043173223,19,685,14441.55,0
405327.77,29615.23707704179,16,646,323020.9,0
42649.5,3417.5441193248244,24,679,9842.27,0
10000.0,603.5727904830802,11,623,9086.31,0
227690.76,20539.518827153344,14,768,308689.72,1
28504.54,1628.7789790854379,5,756,39011.33,1
44118.39,2439.769665894293,7,616,44824.71,0
124656.86,10473.252821090779,5,533,184963.65,1
90082.44,7553.362155102291,12,544,134755.17,1
969653.5,53803.25814940513,2,572,204760.97,0
205075.96,12109.084179692378,8,569,175772.91,1
136016.12,11465.745461048658,10,763,62030.26,1
124094.37,7991.590435794227,15,663,155908.38,0
169672.81,15344.696372532888,19,613,162765.16,1
10000.0,579.27622345762,16,844,7598.02,0
56060.53,4723.325047748754,19,663,5905.64,1
248589.2,22035.200783158503,19,557,316170.06,1
41597.39,3410.2001638503775,3,515,8149.24,0
1018482.54,54065.90026061752,19,599,1344077.43,1
146285.44,8234.21194998313,12,716,14667.13,0
17903.89,1378.278807590527,13,612,23461.06,0
56066.79,4425.228271201254,13,734,7739.74,0
440187.46,22409.97234911426,19,704,426930.02,1
354168.56,33423.234262178325,24,744,384329.69,1
96208.15,9561.146530861331,8,558,72759.83,1
201474.17,14115.196774851103,2,488,38338.07,0
19067.26,1730.039064053966,23,530,4014.74,1
103087.47,9980.717983657027,11,585,130294.62,1
119853.53,6534.25373539259,8,557,124273.77,1
18958.25,1572.761537972957,14,850,6270.53,0
75702.55,6671.539049434141,18,793,61872.4,1
70161.64,3564.7715075974697,12,565,33435.01,0
80172.7,6566.733025719619,17,740,61050.77,0
10000.0,762.8557897843698,7,443,9272.14,1
129244.81,11508.805669535206,16,765,19568.94,0
13589.86,1089.3653199827775,20,574,2203.5,0
45027.56,3113.5060210757365,16,732,11678.97,0
76142.87,4075.826201410198,8,433,25225.03,0
27891.55,1523.4211170821861,7,798,30670.82,0
268820.36,26853.75820600377,12,739,296939.23,1
163314.26,13197.107842814132,3,612,120645.32,0
66384.52,6372.31641257898,7,619,39610.3,1
162654.44,11008.045130141625,8,666,218486.34,0
155117.78,8735.468689618901,18,850,172733.31,0
26447.8,1560.4034993788546,7,655,28374.13,0
55207.27,5181.193193760684,22,805,48698.3,1
35925.23,3471.482718544126,24,776,23076.56,0
23253.89,1408.0402939784728,12,758,16858.78,0
193163.62,10463.332981267931,11,702,135867.29,0
117131.37,8633.679496535357,24,475,95620.66,1
15334.64,850.998120019448,4,694,8958.93,0
606782.45,42596.46650836217,10,789,146698.08,0
630741.89,56202.490925614,15,660,935548.13,1
99900.58,9311.787772033269,12,603,23878.54,1
10000.0,621.8931930249115,5,473,7419.32,0
62453.06,3471.1296074542793,4,620,58963.18,0
11273.39,691.3187197781581,15,496,16596.15,1
249466.59,19452.888912128208,12,469,130537.52,0
42468.39,3169.3174909772,16,571,44521.41,1
291237.53,27096.787825796604,3,599,210174.84,1
3771937.13,229637.73350154117,18,629,4256288.15,0
20356.25,1633.4488656837857,23,529,3160.17,0
11937.0,1114.6935455729767,18,850,11104.04,1
59158.98,3566.6633649226483,14,764,28755.68,0
18046.89,1720.1642063743357,15,637,20870.68,1
17697.23,1095.6371096802438,3,642,11346.7,0
12259459.97,781101.4004792528,17,436,16577653.44,0
189600.79,9896.714314696701,14,478,72174.26,1
59481.59,5762.405151198189,7,766,79518.0,1
292090.6,18071.698075797074,13,355,409207.35,1
238769.3,19594.417254852375,20,850,292781.8,0
109410.8,7478.740601770398,24,581,21514.69,0
124112.47,7161.777034782033,0,696,119029.54,1
418133.83,41301.20149983948,13,561,221022.31,1
310799.75,16352.914922612445,12,850,62546.29,0
35801.34,2072.764338069237,15,710,15721.22,0
86063.02,5736.726731358033,12,533,34042.87,0
99663.07,5451.0167883349395,22,752,54824.06,0
68713.24,6117.972781428693,8,495,10110.25,1
10000.0,707.0676057732404,24,511,9746.97,1
47255.34,3631.164789559582,13,670,20249.61,0
124043.29,10721.003375626393,3,548,98660.76,1
34025.53,2174.7050828187516,1,580,16337.9,1
42129.42,3631.198835367452,16,628,45911.26,1
485943.07,28507.494006955745,10,564,136988.27,1
102089.38,7994.530430111612,3,668,140262.68,0
61542.85,5797.266676259591,4,689,9798.14,1
288319.03,19225.323197549133,24,661,418773.73,0
585882.18,44661.60501031968,20,544,578895.91,0
18809.63,1284.298828204656,8,646,22178.3,0
10000.0,574.8259994400522,3,671,3967.92,0
721871.91,44971.7885796126,23,850,108507.56,0
53805.84,3393.541167166255,3,717,29156.22,0
3271994.05,313237.58774021204,7,814,524205.29,0
266634.76,19786.14026885775,21,750,126552.79,0
159942.68,15742.983482850266,21,536,180844.08,1
77231.6,7684.838370809172,19,715,57903.1,1
49993.68,4331.320877347026,5,704,20383.8,1
124773.96,7441.7963633527825,14,573,33475.62,0
12133.23,1212.5018073930155,6,575,6305.89,1
109859.75,7275.021999668373,14,666,95110.92,0
10000.0,848.5421355834037,23,765,1919.73,0
28984.01,1815.2041922378676,12,575,22124.47,0
923669.32,82900.1892791794,14,673,1030702.35,1
192170.62,11709.70672807449,24,733,174801.81,0
435565.52,22923.91677341747,7,613,249263.78,0
1148533.97,75228.9901204801,8,680,1224492.47,0
16364.21,852.6292438430792,8,727,13770.87,0
10442.8,541.8193506119582,20,650,10121.91,0
48736.64,4363.914163959068,2,669,8283.8,0
161926.21,8415.086731569238,11,694,60835.03,0
38361.51,2496.7374779451447,24,696,25061.13,0
42748.57,3746.1847597692904,3,754,42614.39,1
299222.52,20899.730929280326,23,697,379884.22,0
583081.25,34846.30218444231,9,595,95904.87,0
62123.16,4880.699787896821,22,696,8749.28,0
59935.54,3292.3098677946714,9,850,18899.46,0
10365.03,645.6040461654454,6,503,14363.83,1
238559.2,16436.25698162128,13,660,355314.65,1
18005.41,1628.0555229468355,17,458,24947.12,1
21473.09,1340.1654234417986,10,651,9022.39,0
10000.0,709.9555826652727,3,720,8233.78,1
327481.75,18108.196657069075,6,569,466674.3,1
10000.0,872.3454617480342,3,742,5139.73,1
112454.98,10845.392823199365,13,606,22109.84,1
24732.49,1453.29612962441,2,720,20328.21,1
108511.89,8544.073295844268,19,589,16558.86,0
49698.26,4069.849516159328,24,601,55283.33,0
49567.43,4203.46053998874,20,591,20946.37,1
174378.67,9625.346854501884,4,732,217142.85,1
32963.93,2685.0093286479,24,564,44920.48,1
70467.3,5586.4019107087215,20,792,81415.21,0
106001.04,8046.181302735608,9,475,64278.43,0
1064709.03,68754.13407087252,20,699,362985.84,0
123217.93,8026.358159225754,1,645,135546.78,1
92461.87,9006.270178115881,22,642,27649.67,0
22524.69,1287.8072280808653,20,714,24363.56,0
10000.0,758.7497898823198,22,817,8093.42,0
77451.31,7647.567854274271,16,729,98719.15,1
74655.73,4829.504620242345,3,695,63308.56,1
544123.13,34865.942471099945,4,416,711548.0,1
87208.42,5768.172400518898,2,597,85031.77,1
56786.54,3416.614998556812,24,746,25591.14,0
109119.28,9561.521951308545,15,843,35784.69,1
48353.18,3333.2447189231684,11,527,27448.65,0
41151.77,3942.505128168488,21,803,23326.78,0
139839.81,11316.948862128018,14,598,206245.45,1
73297.69,4577.66137254515,22,735,17732.33,0
20657.57,1120.950898080399,9,553,2397.78,0
608764.72,39431.0780448556,1,645,421155.66,0
10000.0,897.3335306466001,2,539,7762.56,1
25475.2,1789.1746778752404,9,549,8685.89,0
44357.14,3052.550191527485,18,826,44707.86,1
336565.46,29457.48183469381,15,751,34607.65,1
28324.9,1502.555083121951,21,850,3097.47,0
163005.8,13157.718042226237,24,779,229964.34,0
95993.55,7684.114164206253,9,720,122461.11,0
100921.95,6343.827751187674,15,548,56300.57,1
107639.84,8426.028812332977,3,685,119784.51,0
2055025.59,133487.5126550978,16,641,792488.83,0
219548.41,13845.566341389602,14,755,26179.78,0
16691.39,1489.4191473017536,4,580,15622.04,1
851215.85,49434.708046862535,22,478,1044549.48,1
10000.0,506.17020382937403,9,670,5080.94,0
678637.19,40727.774261630664,5,610,384820.88,0
436902.34,32780.08855374191,10,786,370945.69,0
53962.71,3171.0019929291125,17,688,27485.17,0
10000.0,765.2372289780686,3,645,1396.36,0
17028.4,1354.0378717346123,2,581,17322.02,1
975988.75,51603.87736687877,15,600,1117982.71,0
258215.43,24395.78244518004,18,730,130363.27,0
11283.27,709.4182064868328,23,567,2338.91,0
119291.46,6478.788119961541,13,661,171056.92,0
22484.76,1890.2836969205675,9,513,30691.29,1
10000.0,661.5296085015813,4,680,12730.72,0
10000.0,639.0353862421603,24,710,6387.25,0
67297.84,6723.0806801384315,22,373,74447.26,1
10000.0,792.8995372140848,21,824,11253.79,0
984288.32,72875.49797620153,1,761,935914.25,0
199518.63,10113.133758509846,14,593,135798.4,1
114137.46,7439.309537830429,2,703,123611.39,0
3256955.16,322089.8263604703,18,520,4635167.86,1
1410596.17,130985.00057588144,6,645,1507790.63,1
554895.16,29091.987161976926,16,521,658707.73,1
106473.45,7662.477379886623,2,752,104322.37,0
519999.38,32431.365685919376,24,733,390559.76,0
153795.41,12814.015203731347,11,623,185812.77,0
33734.89,3350.941133784472,1,629,22725.0,0
29452.51,1653.2423502800266,7,560,19001.79,0
46994.17,3817.174467296372,19,654,57583.85,0
288203.2,27811.55818960058,18,462,323055.22,1
967330.35,64969.31688444636,3,731,1056587.78,0
1489563.28,91398.88985971223,1,629,1292623.39,1
713222.87,44273.24257962068,12,691,85928.78,0
19640.54,1313.4768770367734,6,716,11504.4,0
236033.06,15883.458421656782,15,614,317412.32,1
458840.51,38843.03983222509,9,836,312451.9,0
15766.69,1407.2459537382313,7,800,10954.56,0
393975.5,28407.062791651504,14,651,361880.41,0
662942.72,57280.03964673532,22,541,708886.3,1
55312.71,4069.0119768244876,0,659,69488.52,0
172957.37,13304.547412478705,3,620,255393.68,0
332301.82,27110.0595232104,19,716,234367.4,0
225193.95,17689.154435413457,23,493,85909.51,0
90949.53,4564.949389469631,6,822,114194.59,0
4838084.77,410262.2654625191,21,714,2638431.27,0
545076.74,45999.12506860545,15,620,66521.21,0
224616.58,16134.261156751309,22,761,218879.8,1
631649.59,60975.398426759195,24,674,627639.33,1
1069588.46,60516.73813391952,10,766,674673.64,0
10000.0,502.1844452505582,4,788,14735.65,1
117900.35,6194.480302686515,19,704,149257.68,0
75588.67,3999.8047589430857,23,743,25269.28,0
18415.23,1697.694005506253,24,650,18236.91,1
162510.0,15906.947813834995,11,529,148146.82,1
1139871.7,66217.71318981193,17,643,1395129.22,0
297353.55,15558.502680212821,23,654,396747.51,1
78862.08,5548.577512877749,1,679,47072.34,0
93369.65,5224.157940198857,19,569,124749.39,1
590801.35,32949.484817735836,12,712,162652.8,0
41481.3,2856.7538023316993,16,589,60676.18,1
45530.19,2332.6410908751272,13,637,56628.79,0
36145.88,2862.3595995571527,17,629,12122.08,0
10018.09,601.940345198531,23,646,5577.63,0
27716.52,2416.2388220033795,9,548,16559.17,1
257538.73,23745.317322933683,4,668,198277.67,1
583891.68,40171.79179835134,23,579,282076.08,0
118279.24,7598.3384835149345,22,647,58511.16,0
61803.34,4405.689486946208,24,535,63910.67,1
990383.53,52469.56828968422,14,686,120977.77,0
1651457.34,124472.89363237437,8,395,1282279.35,0
41718.32,2714.7557923862573,2,753,28477.07,0
100476.18,5267.740921830326,12,742,34733.44,0
15535.33,1124.2434645769924,13,812,9648.1,0
136800.09,7833.833555197004,5,560,45338.72,0
53929.7,2892.9946290592397,21,767,78623.96,0
137528.63,12014.511816418953,13,539,194527.78,1
156736.32,13945.580660239306,4,723,63555.1,0
275465.75,17193.522975828877,21,613,267992.08,0
44885.4,3459.938106374942,19,663,26559.01,0
28301.23,1487.9330024152466,17,646,40259.41,0
91698.47,7031.899863576021,14,668,106810.92,0
17930.76,1333.2217882371608,17,645,19467.72,0
55450.31,5460.56995752127,13,710,21416.45,1
10000.0,664.9837310962166,19,664,7556.62,0
345348.31,18504.047264831283,19,681,516281.08,0
326343.57,28759.376999551034,15,714,55302.22,0
493888.33,44453.8694130743,24,682,87781.27,1
218869.58,19294.083134483913,0,841,229452.01,1
10000.0,625.2869970095957,5,661,7035.57,0
56331.01,4661.155204032829,18,625,8007.2,0
696992.3,46929.06663066489,18,675,257353.15,0
10000.0,557.5724411519977,4,737,11346.94,0
356494.4,18001.02704897852,12,551,191306.02,1
42432.8,4054.475861372181,0,589,63155.9,1
336444.18,32604.663156317616,23,652,77148.25,0
23015.67,1908.6604332563218,23,682,16762.09,0
295937.19,17498.649929214047,7,722,343247.89,0
19043.88,1521.2191743327512,14,713,25488.74,1
733251.39,38854.22837039677,0,539,693154.12,1
175558.43,11104.721603246639,20,672,148177.79,0
12686.61,1164.3735585366303,13,464,3339.32,1
122791.92,10941.32056645077,15,741,14888.23,0
1154800.5,63607.19295977615,2,668,761390.34,0
153563.9,14598.26647179955,4,696,31622.73,0
727765.85,71596.023395527,5,625,743925.67,1
107605.22,7704.6720391478875,12,554,55406.0,0
105411.03,9390.753100584256,14,695,156556.93,1
120993.58,9926.260386762506,9,542,151601.7,1
46046.91,4485.461992112499,12,782,40532.09,1
67747.96,5141.6226923831255,15,678,86532.59,0
54912.06,4230.633704292019,14,519,28806.88,1
258405.53,18066.65307576526,24,669,364856.34,0
121014.05,7776.645563337425,17,567,23698.26,0
83444.5,5116.933137856545,18,553,13489.35,1
10000.0,583.1779947624137,19,784,12405.39,1
711565.79,36920.96267785063,10,493,513580.68,0
25479.66,2181.052085383652,13,814,22393.03,1
42734.64,2756.1390550946126,12,606,10000.79,0
88140.41,6038.408464582827,1,538,58568.85,1
830768.87,50636.863674463915,4,670,546246.24,0
157905.77,9121.695961617907,22,636,111137.62,0
63036.88,3642.8624478208217,9,723,49019.29,0
193828.68,13961.427237321417,19,664,244201.53,0
350407.19,30942.760674660134,3,750,138495.19,1
54232.43,3299.235348509747,2,680,25613.97,0
298318.16,23403.299769467994,0,814,157001.73,0
10000.0,919.8871995117469,19,744,3393.11,1
48377.61,3085.9290131161342,13,799,51598.01,1
635087.49,58332.17900926398,24,593,271397.0,1
54242.0,5326.753752893423,11,699,75813.12,1
66416.78,4704.790708765161,18,511,7692.63,0
472836.6,30788.369668597326,15,582,288315.85,0
207074.95,16827.71833466418,14,651,180117.1,0
36360.35,2171.35137299535,10,640,15054.86,0
88876.2,7610.794663910576,4,595,43695.48,1
17857.75,1345.99631525247,19,771,12838.83,0
11096.26,993.8984619284844,13,486,5714.01,1
482669.03,41794.92990248497,24,659,292258.33,1
115032.55,9561.893987079815,4,563,140798.89,1
15985.65,1360.9485401440106,14,520,6745.8,1
52719.97,3833.843345329295,14,599,13065.49,0
51266.5,4202.636689108026,10,662,53305.84,0
125543.65,11818.176108629632,9,629,42268.85,0
41732.08,2365.9970510084286,20,774,21083.69,0
2783798.57,185767.7212137851,19,588,2229809.56,1
94909.9,8167.290754683695,10,637,26654.9,1
24395.49,1505.97828553174,14,565,11081.33,0
182607.24,16874.95956536107,11,740,245681.11,1
17968.09,1235.0095613271537,9,615,20589.81,0
26529.68,1722.59429383764,19,678,6866.34,0
52121.07,4999.456370135871,8,819,24081.41,0
39773.58,2639.281035421134,0,657,44306.03,1
173776.12,12477.824284856337,24,637,139088.66,0
454224.9,42000.18956428975,11,483,586963.97,1
166280.83,14168.589176713751,12,737,16886.97,1
23657.39,1980.3323658701472,3,561,6597.68,1
532747.62,38448.97034360688,11,642,308899.48,0
179607.54,12169.282782079348,19,573,90441.77,0
30294.94,2644.0191663752353,20,617,3576.51,1
142810.54,10241.336905032142,19,767,117139.75,0
54582.05,4148.106502464602,21,565,16004.64,0
200713.04,11303.972464841308,21,643,299824.43,1
35121.68,2331.188756135007,20,683,37055.77,0
36194.48,2282.95618751843,2,570,37398.45,1
259325.33,19449.931471113192,19,550,291053.49,1
258504.46,22172.685137396624,24,531,186187.11,1
173168.31,12783.599987763213,18,684,85747.31,0
19836.47,1898.3182848990366,8,544,3567.34,1
337049.4,19884.77702363223,22,559,53324.77,0
95949.02,6723.171303386355,13,847,97304.73,0
830696.86,63706.90680302673,14,663,303960.78,0
1329091.71,70337.07153517188,10,700,1118562.99,0
302337.02,25224.699880843687,12,667,316222.77,1
41448.51,3508.1211408732574,13,792,25616.6,1
210588.37,17080.409792955506,17,674,39348.75,0
10000.0,969.4476661901839,13,657,7990.24,1
804808.36,62693.22637176164,5,646,810866.04,0
238346.34,21479.304756582573,17,667,84070.84,1
10000.0,936.5879887247906,17,479,6484.39,1
30123.38,1960.7331678664068,10,700,12075.96,0
40181.08,3424.496984156911,2,609,33830.8,1
1670750.6,133968.08215806363,24,738,860196.18,0
143272.54,12041.172351987909,3,642,108583.61,1
124957.9,9516.550760005599,21,506,122724.95,1
292678.17,24539.605529437522,20,706,433997.64,1
10000.0,979.8572406110007,11,551,6675.92,1
130661.38,9029.148482246504,4,703,75598.87,0
13143.3,1025.2722685274575,20,686,13163.53,0
50472.28,3149.14548403005,2,635,69033.68,0
182065.87,10684.164066892436,10,607,168083.33,1
10000.0,992.7164226243607,21,594,4463.6,1
136453.05,9376.707077387016,18,638,122841.96,1
10000.0,687.3350201478835,9,705,1172.77,0
39249.38,2751.3636455249657,14,693,25085.99,0
82503.99,8143.9301054655,19,707,72158.56,1
84871.29,6119.756074484399,8,670,122529.31,1
235072.2,18167.808892707177,0,709,172117.94,0
302024.2,26489.82614294424,13,714,181636.03,1
26157.78,2543.300169081161,17,439,14742.66,1
1027992.39,73007.03794754027,19,602,134775.84,0
32164.6,2835.431725295472,23,699,7582.87,0
28164.43,1988.8354233615846,1,699,7247.0,0
24928.48,1517.6136894384879,12,583,37131.48,1
72794.79,4621.58349132596,21,700,57203.5,0
259938.54,21650.375689960227,21,724,291967.77,0
10000.0,739.0578359210284,18,821,1951.63,0
10000.0,740.1941620984962,7,728,14951.37,1
27650.73,2581.1820981529577,12,689,8909.94,0
10000.0,821.0943753322035,22,532,9312.93,1
195590.31,17614.72580944472,24,531,105817.23,1
127853.61,11115.833010355258,6,721,137178.53,1
129288.65,8984.863520281497,7,787,101291.03,0
152964.72,13898.747953252918,20,588,83620.17,1
57723.17,5508.785323410878,5,733,31526.4,0
408704.46,32545.84067019887,18,661,339195.21,1
103229.28,7770.475015451518,12,646,27910.45,0
220791.13,18814.191072994985,18,731,101131.43,1
50555.23,4553.396886334948,15,555,22527.4,1
26632.7,1555.9611849852427,5,466,9275.03,0
405350.04,36197.866421492574,24,741,201296.09,1
455095.46,38482.82032253601,14,610,232530.44,0
21447.24,1194.4275787635272,24,563,15912.26,1
18003.76,1680.7157710907866,1,725,17893.65,1
94291.28,9424.74620468389,20,610,128661.68,1
131730.71,8691.06886306229,23,544,184999.6,1
246235.89,13117.67678939806,20,771,129209.76,0
67583.28,6574.278293515687,24,723,24021.89,0
179851.63,11455.548322275716,9,642,110383.21,0
33401.12,2663.195949499392,19,604,15926.53,0
49713.86,2920.163870939534,23,709,60306.95,1
10285.53,996.4460355172287,13,575,8029.33,1
53027.47,3158.246319791721,15,620,70297.67,0
37200.99,2436.0643337837223,9,606,52938.26,0
681770.25,45359.64107574695,16,536,288928.71,0
18910.8,1245.604655826508,2,544,8129.22,0
27061.75,2527.9910970467613,6,744,29417.67,1
628336.95,53184.147013221314,3,765,819069.52,1
259770.78,23519.701071901975,0,703,287965.68,1
20897.61,1352.4563342242802,2,676,29070.01,0
35635.84,3362.9712074620134,19,606,23907.7,1
215000.91,14731.557643820435,3,668,281410.06,0
76506.46,6238.580827689192,1,641,45909.18,0
57046.42,5356.978062543471,21,436,38917.4,1
24105.96,2322.170436219076,1,634,24790.68,1
770839.67,42586.7101370724,20,824,997882.37,0
191837.24,16721.99940598556,15,565,221180.68,1
271324.59,23610.62127425717,5,664,27756.85,0
10000.0,790.6524283361579,8,761,4074.89,0
436266.48,24513.977585143206,22,717,485084.02,0
15510.0,1153.6393675222514,3,726,9125.54,0
74000.84,4431.163696655153,9,502,42753.41,0
35012.98,1965.187312014289,9,840,41401.34,0
95304.08,7227.708579110073,1,653,141207.7,1
205853.47,11460.865936349845,0,568,135472.06,1
52986.9,2771.1028952266984,13,714,14339.91,0
155975.6,11264.951125367426,21,516,79220.87,0
182358.9,10576.83661868643,21,527,104865.84,1
16846.91,1024.9984928878628,14,762,4573.89,0
1206214.15,112238.09366038344,11,681,863769.36,0
52445.07,3051.199307227676,0,501,42137.09,1
25847.07,2076.397655005355,11,674,22289.93,0
23610.99,2131.749432890609,9,698,17143.5,1
18876.6,1371.3421914476492,8,751,4198.63,0
10000.0,524.5906700417842,22,523,3938.57,0
290074.71,26959.557129608977,22,756,339074.76,1
28199.04,1934.9210113121833,2,781,10400.44,0
112880.07,7498.588776077494,6,698,157674.45,1
128901.16,9332.85414065635,3,763,56532.63,0
441954.67,30915.933834657113,14,642,474885.51,0
53818.76,4862.094393293429,16,759,40893.19,0
67729.21,4457.021834865497,17,598,9176.5,0
485121.97,30919.562041118097,9,539,293281.29,0
59244.75,5559.386757740077,0,672,31444.19,1
1502082.82,129001.28199434378,22,681,320447.18,1
80697.77,6568.466588396143,19,710,93912.28,0
95219.35,6745.682384195152,19,688,86702.12,0
187791.0,17961.18297113739,14,615,146916.08,0
402765.65,31318.001036906713,16,540,316037.22,0
43642.16,3682.979592854653,16,624,48667.8,1
158957.14,9585.631092048769,7,700,225304.14,1
60193.49,5831.223452063125,15,721,38671.49,0
2742172.39,187188.3460775133,5,546,989890.58,0
449091.97,34072.58001761667,13,812,180734.38,0
245307.08,13516.96939734421,16,641,204848.36,0
77265.64,6070.126631893883,1,734,13544.26,1
82155.66,5490.829543781522,12,646,104727.07,0
964006.02,59298.58308455491,13,667,1412822.65,0
361183.24,34882.34214439252,13,463,489893.14,1
10398.85,793.7256796754031,21,572,13480.72,1
51605.58,4943.132425559747,10,735,30887.5,0
142664.59,10447.700508103431,2,742,141159.86,0
47861.62,2996.0989391561175,20,591,60838.98,1
12905.03,841.2837771545463,2,669,4775.1,0
22640.97,1442.1337330049844,9,657,6109.08,0
437078.2,24075.244668460607,11,461,400259.0,1
272943.03,20645.246928917593,18,566,36757.46,0
167409.15,9934.497111191726,10,501,77086.99,0
727221.33,41597.02099173859,13,594,836257.37,1
53845.08,4609.4627851981895,6,679,60014.37,1
151993.88,12643.433118504114,21,665,211081.54,0
84199.53,5587.666107666126,17,622,48176.75,0
22333.06,1693.4064127712325,6,593,15651.22,0
922320.23,89375.29663682643,9,713,837034.28,1
80524.58,7647.569411766406,17,767,52386.56,1
17910.14,1238.2895428913816,21,682,23976.86,1
12970.56,670.4000622299644,16,599,18912.43,1
488731.06,32129.80269203831,7,751,247328.04,0
30428.39,2558.9673329955294,15,585,42432.34,1
20634.11,1997.5058926028169,24,581,11232.06,1
10000.0,546.8832402824306,11,658,11408.09,1
132089.09,7049.814604136726,11,660,119663.65,0
18419.01,1467.6114874338891,8,672,24529.94,0
24249.65,1400.452626951316,12,677,18595.88,0
816820.06,69390.23963702598,2,553,292146.05,1
143960.37,7230.330635268884,10,811,105146.86,0
10000.0,895.4513177051928,6,612,2824.94,1
125169.96,10527.390234999253,3,580,14055.1,1
15536.37,1486.2817342202063,0,498,13263.53,1
90919.39,6872.971535135315,23,726,112584.38,0
31378.09,2616.6620353609983,20,634,33923.85,1
20508.43,1802.4273020836915,5,591,7893.35,1
71903.78,5834.266300927905,22,636,87907.85,1
172249.18,11595.928740050003,17,631,83297.0,0
4531705.26,398213.56730130286,12,620,2303786.77,0
43317.72,3068.3949974593056,16,507,57962.61,1
14470.46,871.3675229311415,5,680,3016.75,0
82391.19,6722.090771704359,22,487,121168.16,1
10000.0,766.5609504384478,23,656,6036.08,0
54929.23,4187.080511005349,3,679,63701.36,0
205310.65,15597.861309147213,17,729,40293.34,0
204446.16,14743.750430585416,11,781,36075.43,0
209058.38,15650.630969870244,14,651,266598.46,1
54795.44,3342.390092474126,13,806,41659.71,0
33131.87,2690.552249220557,3,590,41373.84,1
1272614.22,64667.154541466,8,629,216656.83,0
36262.67,2473.2758876810217,6,677,42507.67,0
70656.9,5173.701451628808,10,636,54248.73,0
40816.42,2479.209994882292,0,739,31933.49,0
103549.74,8892.073663075726,4,661,50802.7,0
32761.17,2543.0008795527465,8,661,36758.11,0
48858.19,4145.080509458934,19,631,70999.83,1
182608.93,15090.873488854188,12,634,221295.6,0
137820.18,13684.188864085641,23,666,63491.66,1
52320.19,4674.437191024608,16,835,68751.26,1
161280.57,8142.369161275671,23,635,154164.6,1
26379.26,2619.906742346628,2,778,35717.96,1
10000.0,595.0106281582638,2,632,4336.06,0
10056.26,933.4498306296463,14,652,3615.95,1
116708.8,6632.376833704715,15,515,34455.98,0
165385.05,8882.604669314505,21,755,169352.77,0
47333.69,2445.4140880731866,8,620,68226.47,0
10618.64,617.2352115831474,3,574,5863.46,0
85940.54,7075.170149938897,15,573,46570.02,0
95155.2,9483.18365299894,17,447,111274.41,1
157174.01,13818.728928073631,14,657,165629.18,1
1246554.17,93738.21056929305,22,725,138209.57,0
243961.68,24025.90973038875,18,649,312597.37,1
89781.79,5938.414640136359,21,501,23938.5,0
365647.13,34267.65387981303,16,573,184878.2,1
25918.74,1655.6743576524675,4,575,2860.1,0
29088.73,2809.917047023111,5,652,15814.55,1
10000.0,954.2562408062707,7,654,11452.44,1
10000.0,653.3112307405737,16,583,11727.44,1
27219.12,1611.2462157472182,2,743,40215.4,1
176507.91,12635.595711190384,9,850,85523.77,0
55794.99,3564.6969998332443,10,443,19183.4,1
10000.0,909.1182011194029,2,688,8057.86,1
37077.46,2680.738386088847,24,534,19174.12,0
176749.55,10534.650291876425,22,633,207657.83,0
23463.15,1668.9885272086376,7,680,23579.77,1
77547.39,6604.9531944028795,6,400,36537.12,1
55605.86,5156.010321814685,5,621,73843.39,1
272523.8,15967.361989283456,4,850,266113.11,0
29670.16,2393.348722872,5,609,37075.81,0
170437.87,14699.423629384028,15,698,169543.24,1
27488.67,1849.6844806018464,19,559,41163.73,1
462481.9,43280.214103718776,1,544,467227.9,1
102169.0,9721.28728304674,18,595,19405.37,1
17133.85,917.8984391360904,8,684,17091.37,0
10000.0,830.8845163413575,16,676,13794.27,0
44984.71,3726.8668648802973,5,722,46501.16,0
32693.79,2535.341688019708,12,692,24292.31,0
4816556.09,448607.49656245933,5,593,6804474.23,1
10000.0,903.7534246820865,6,576,2426.3,1
5723638.8,376676.0461202259,24,767,6607176.24,0
173095.44,15714.913929331064,12,714,31123.14,1
23806.57,2139.1950086249185,15,679,35653.82,1
214706.15,11094.307792443078,23,471,153951.75,0
286290.58,25681.954309643766,7,599,169905.86,1
112029.91,10769.370539909403,0,735,91637.05,1
1231791.11,75049.20831349591,5,531,1335986.0,1
205760.08,17490.239617203562,15,713,26097.59,0
15966.04,1028.037185766664,12,643,5528.18,0
10000.0,894.1428139260146,12,646,3019.36,1
284079.47,24808.952733582202,15,812,384389.97,1
241938.52,15062.760093422796,0,462,129013.14,0
68429.09,5956.883651160076,9,530,91027.46,1
10313.33,749.9499493759514,3,698,10907.02,0
450091.84,33424.174824797665,23,512,368429.29,1
32071.86,2175.387840556655,23,631,12060.82,0
41892.62,4074.699981044138,21,523,5225.6,1
10000.0,583.804479149046,18,692,14882.74,0
1826051.02,161945.40415919104,13,562,519565.5,1
198545.89,12104.357091543163,8,616,272856.57,1
20622.29,1598.9755001520678,6,513,29215.52,1
3453857.04,299104.4916535316,17,602,4756277.28,1
477641.13,31510.924719594637,14,733,248076.7,0
67551.18,5961.285921416114,6,559,68442.42,1
245470.61,12281.504606970286,5,489,97207.28,0
18472.79,1001.3966933442753,19,735,14852.6,0
39159.04,3383.893983802111,12,681,48648.77,1
45093.13,2296.6306864612247,1,575,44261.48,1
616842.29,37426.729728461454,11,620,272145.57,0
10000.0,645.7082271160874,9,633,11246.22,0
14077.44,997.923362436426,4,542,7317.79,0
77529.27,6078.033939895162,23,659,94193.95,0
24879.02,1355.6370818375874,16,672,7866.3,0
104816.73,5903.622743943034,11,619,45182.81,0
203068.47,13561.528063130749,7,566,117927.73,0
247807.62,18362.354463175503,18,665,27369.95,0
65992.26,3358.1611320047523,18,591,41975.32,0
17573.79,1205.5352251026259,9,600,22176.64,0
101936.62,9924.001753975646,12,596,110254.84,1
1815859.46,137470.9472761378,15,656,1620096.2,1
10377.23,797.0043344393999,8,610,4609.01,0
191580.62,14494.719466140321,5,625,269908.41,0
31576.58,2174.1200893759956,15,676,22912.72,0
285493.57,21864.516615600256,14,580,369537.01,1
230965.31,21832.199569067066,9,556,335401.2,1
18449.7,1577.9692920378254,10,698,14233.48,0
14405.44,728.9052075152146,8,630,9293.61,0
538264.28,31067.48142070434,13,739,532543.06,0
95197.99,7908.540273876132,16,714,10464.98,0
145169.47,9798.117395812058,2,745,165323.56,0
203322.38,16262.16488910769,5,676,289940.58,0
33309.04,3196.552374558829,3,790,34684.29,1
137369.5,12356.99548615348,2,778,168575.3,1
284740.51,25870.19793968851,10,603,254677.75,1
230177.17,15353.425297103939,6,639,288117.47,0
74049.04,5557.499136983835,19,652,14891.15,0
326808.26,23913.775973774787,5,849,426130.85,0
18471.93,958.3809382935584,24,699,15252.49,0
241431.8,21649.98135435557,12,584,272585.34,1
617287.58,44869.16504172096,19,656,139051.66,0
64269.93,4988.944030210744,6,624,15595.0,0
91369.1,5953.8169819342775,17,653,21498.86,0
128454.34,12029.039289430018,9,534,89732.88,1
35612.97,2042.0907696668662,22,699,32544.89,0
4075698.05,245181.4475952695,13,609,2353117.27,0
300370.08,17542.49062839182,0,593,199724.47,1
279328.11,20147.364410280978,16,440,410518.22,1
149042.78,13645.91510419563,15,616,111028.21,1
56619.95,3758.540261098602,7,455,31722.13,0
31080.31,2396.6576965062786,5,566,36156.6,1
636730.39,52888.960648194676,5,556,566201.0,1
30476.33,2342.6997868270123,14,715,37961.95,0
52183.31,4520.308702358569,23,706,43149.84,1
78488.47,4145.108031137188,23,603,115149.3,0
10000.0,980.9754108449546,17,630,11200.92,1
80573.81,6512.829955970472,2,507,102492.04,1
174101.99,11604.196188056585,22,751,66332.51,0
134901.93,13368.58559477277,11,629,32816.92,1
148587.17,11357.098422730262,22,635,218948.64,1
184699.86,16917.416545511693,17,595,150930.22,1
143473.2,13103.43557569981,2,626,159929.83,1
144149.7,9057.265155472569,24,850,160389.95,0
24294.94,1977.2350689296857,19,635,11091.35,0
71768.69,5143.955669727918,18,392,72440.46,1
10886970.01,782993.8728378313,16,463,3692198.18,1
27452.64,2048.3071482844475,22,589,21927.85,0
77236.06,7366.325034765262,16,561,18638.47,1
372867.31,35601.01694889369,9,655,532081.35,1
297179.04,16511.97350407392,17,528,317838.81,1
37659.97,3075.781663991698,7,620,23450.65,0
38380.58,3635.015088954629,7,605,37593.36,1
568228.21,42808.01692270455,6,598,59973.03,0
61227.74,4838.578834805332,19,652,39612.57,0
166903.89,12149.551681110543,1,538,189721.88,1
125606.41,6959.391898209018,15,791,63058.27,0
41431.56,3004.0430674250597,3,574,40081.54,1
53712.64,3975.5812504215505,0,697,19702.14,0
81550.19,4153.263816376904,11,741,19272.55,0
1718709.91,115778.4762564189,1,509,787053.49,1
50670.46,3695.893811731803,11,752,62091.78,0
190634.35,10792.543039252525,19,651,134390.11,0
273786.37,17185.611841904607,23,644,397046.38,0
31655.07,3137.4703409495123,22,753,34329.28,1
76141.02,6158.425298118498,13,654,54850.34,0
47314.89,3491.236278288812,14,512,49161.03,1
25529.59,1629.3819496016185,16,557,23182.43,1
31944.64,3071.9189312400576,23,656,22259.56,1
31284.49,2489.1511315565294,8,842,23568.37,0
21496.23,2014.512846062853,6,828,14621.9,0
130832.68,11464.455748223887,11,684,131268.71,1
92774.07,7356.373693861636,3,698,99918.62,0
47413.94,3680.5065050165613,15,691,68135.35,0
115274.98,10142.786015071386,22,702,87346.86,0
15976.28,1466.4064651883125,14,850,12864.22,1
159555.58,10550.905079274778,8,748,133400.99,0
838518.54,43273.23486203679,4,711,1128453.89,0
432345.35,27391.72705629012,24,850,350933.72,0
494764.73,39243.11744570229,7,623,569090.84,0
354899.49,27675.51964196032,15,469,308156.32,1
784059.36,76063.07747777757,15,687,1053806.35,1
571362.15,51186.11598636343,20,537,221293.2,1
56617.03,4459.173754586701,6,624,36222.08,0
72569.7,7045.654904436094,5,672,33903.41,1
79672.64,6424.618250503095,17,532,95461.2,1
81829.72,7873.928686710281,10,647,78966.77,1
1027702.13,66392.59364899284,15,538,1129560.67,1
414661.49,21379.641843555928,13,526,322564.51,1
21556.08,2102.1559184663583,1,658,5012.94,1
253612.77,20216.55905272574,23,597,39947.89,0
26713.65,1491.699495088362,11,522,38133.15,1
30324.39,1616.2399652043975,12,637,35567.23,0
158842.93,9558.75636614648,5,752,137540.22,1
120681.88,11302.625429421458,16,723,112172.71,1
68921.38,3547.939800285527,18,850,17736.25,0
1105171.44,77152.41844842651,10,474,573027.65,0
35793.76,2785.288844668368,3,511,48244.24,1
32731.4,3142.110637323171,9,622,25014.46,1
